Last_used_start	Last_used_stop	AccessBlocked	Capability	PackageName	AppName	UserSID	Label	ID
2025-04-18 21:55:11	2025-04-18 21:55:11	Access OK	location	Microsoft.StartExperiencesApp_8wekyb3d8bbwe	Start Experiences App	S-1-5-21-2555952594-822551513-3886238188-1001	2	703
2025-04-18 21:56:49	2025-04-18 21:56:49	Access OK	location	MSTeams_8wekyb3d8bbwe	Microsoft Teams	S-1-5-21-2555952594-822551513-3886238188-1001	2	704
2025-04-18 21:56:52	2025-04-18 21:56:52	Access OK	graphicsCaptureWithoutBorder	Microsoft.ScreenSketch_8wekyb3d8bbwe	Snipping Tool	S-1-5-21-2555952594-822551513-3886238188-1001	2	705
2025-04-18 22:02:22	2025-04-18 22:02:22	Access OK	graphicsCaptureWithoutBorder	Microsoft.ScreenSketch_8wekyb3d8bbwe	Snipping Tool	S-1-5-21-2555952594-822551513-3886238188-1001	2	706
2025-04-18 22:04:45	2025-04-18 22:04:45	Access OK	graphicsCaptureWithoutBorder	Microsoft.ScreenSketch_8wekyb3d8bbwe	Snipping Tool	S-1-5-21-2555952594-822551513-3886238188-1001	2	707
2025-04-18 22:06:02	2025-04-18 22:06:02	Access OK	graphicsCaptureWithoutBorder	Microsoft.ScreenSketch_8wekyb3d8bbwe	Snipping Tool	S-1-5-21-2555952594-822551513-3886238188-1001	2	708
2025-04-18 22:06:39	2025-04-18 22:06:39	Access OK	graphicsCaptureWithoutBorder	Microsoft.ScreenSketch_8wekyb3d8bbwe	Snipping Tool	S-1-5-21-2555952594-822551513-3886238188-1001	2	709
2025-04-18 22:12:17	2025-04-18 22:12:17	Access OK	location	Microsoft.StartExperiencesApp_8wekyb3d8bbwe	Start Experiences App	S-1-5-21-2555952594-822551513-3886238188-1001	2	710
2025-04-18 22:17:40	2025-04-18 22:17:40	Access OK	graphicsCaptureWithoutBorder	Microsoft.ScreenSketch_8wekyb3d8bbwe	Snipping Tool	S-1-5-21-2555952594-822551513-3886238188-1001	2	711
2025-04-18 22:30:20	2025-04-18 22:30:20	Access OK	location	Microsoft.StartExperiencesApp_8wekyb3d8bbwe	Start Experiences App	S-1-5-21-2555952594-822551513-3886238188-1001	2	712
2025-04-18 22:59:19	2025-04-18 22:59:19	Access OK	location	Microsoft.StartExperiencesApp_8wekyb3d8bbwe	Start Experiences App	S-1-5-21-2555952594-822551513-3886238188-1001	2	713
2025-04-18 23:33:53	2025-04-18 23:33:53	Access OK	location	Microsoft.StartExperiencesApp_8wekyb3d8bbwe	Start Experiences App	S-1-5-21-2555952594-822551513-3886238188-1001	2	714
2025-04-18 23:51:49	2025-04-18 23:51:49	Access OK	location	Microsoft.StartExperiencesApp_8wekyb3d8bbwe	Start Experiences App	S-1-5-21-2555952594-822551513-3886238188-1001	2	715
2025-04-19 00:16:27	2025-04-19 00:16:27	Access OK	location	Microsoft.StartExperiencesApp_8wekyb3d8bbwe	Start Experiences App	S-1-5-21-2555952594-822551513-3886238188-1001	2	716
2025-04-19 00:33:53	2025-04-19 00:33:53	Access OK	location	Microsoft.StartExperiencesApp_8wekyb3d8bbwe	Start Experiences App	S-1-5-21-2555952594-822551513-3886238188-1001	2	717
2025-04-19 00:51:48	2025-04-19 00:51:48	Access OK	location	Microsoft.StartExperiencesApp_8wekyb3d8bbwe	Start Experiences App	S-1-5-21-2555952594-822551513-3886238188-1001	2	718
2025-04-19 01:19:06	2025-04-19 01:19:06	Access OK	location	Microsoft.StartExperiencesApp_8wekyb3d8bbwe	Start Experiences App	S-1-5-21-2555952594-822551513-3886238188-1001	2	719
2025-04-19 01:51:48	2025-04-19 01:51:48	Access OK	location	Microsoft.StartExperiencesApp_8wekyb3d8bbwe	Start Experiences App	S-1-5-21-2555952594-822551513-3886238188-1001	2	720
2025-04-19 02:19:06	2025-04-19 02:19:06	Access OK	location	Microsoft.StartExperiencesApp_8wekyb3d8bbwe	Start Experiences App	S-1-5-21-2555952594-822551513-3886238188-1001	2	721
2025-04-19 02:37:46	2025-04-19 02:37:46	Access OK	location	MSTeams_8wekyb3d8bbwe	Microsoft Teams	S-1-5-21-2555952594-822551513-3886238188-1001	2	722
2025-04-19 02:37:46	2025-04-19 02:37:46	Access OK	location	MSTeams_8wekyb3d8bbwe	Microsoft Teams	S-1-5-21-2555952594-822551513-3886238188-1001	2	723
2025-04-19 02:37:46	2025-04-19 02:37:46	Access OK	location	MSTeams_8wekyb3d8bbwe	Microsoft Teams	S-1-5-21-2555952594-822551513-3886238188-1001	2	725
2025-04-19 02:37:46	2025-04-19 02:37:46	Access OK	location	MSTeams_8wekyb3d8bbwe	Microsoft Teams	S-1-5-21-2555952594-822551513-3886238188-1001	2	724
2025-04-19 02:37:46	2025-04-19 02:37:46	Access OK	location	MSTeams_8wekyb3d8bbwe	Microsoft Teams	S-1-5-21-2555952594-822551513-3886238188-1001	2	726
2025-04-19 02:37:46	2025-04-19 02:37:46	Access OK	location	MSTeams_8wekyb3d8bbwe	Microsoft Teams: Emergency calling (if available) and regional call compliance	S-1-5-21-2555952594-822551513-3886238188-1001	2	727
2025-04-19 02:37:46	2025-04-19 02:37:46	Access OK	location	MSTeams_8wekyb3d8bbwe	Microsoft Teams: Emergency calling (if available) and regional call compliance	S-1-5-21-2555952594-822551513-3886238188-1001	2	728
2025-04-19 02:37:47	2025-04-19 02:37:47	Access OK	location	MSTeams_8wekyb3d8bbwe	Microsoft Teams: Telemetry to improve call quality	S-1-5-21-2555952594-822551513-3886238188-1001	2	729
2025-04-19 02:37:48	2025-04-19 02:37:48	Access OK	location	MSTeams_8wekyb3d8bbwe	Microsoft Teams: Telemetry to improve call quality	S-1-5-21-2555952594-822551513-3886238188-1001	2	730
2025-04-19 05:37:50	2025-04-19 05:37:50	Access OK	location	MSTeams_8wekyb3d8bbwe	Microsoft Teams: Telemetry to improve call quality	S-1-5-21-2555952594-822551513-3886238188-1001	2	731
2025-04-19 05:37:56	2025-04-19 05:37:56	Access OK	location	MSTeams_8wekyb3d8bbwe	Microsoft Teams	S-1-5-21-2555952594-822551513-3886238188-1001	2	732
2025-04-19 16:37:27	2025-04-19 16:37:27	Access OK	location	MSTeams_8wekyb3d8bbwe	Microsoft Teams	S-1-5-21-2555952594-822551513-3886238188-1001	2	733
2025-04-19 16:38:25	2025-04-19 16:38:25	Access OK	location	MSTeams_8wekyb3d8bbwe	Microsoft Teams	S-1-5-21-2555952594-822551513-3886238188-1001	2	734
2025-04-19 16:38:27	2025-04-19 16:38:27	Access OK	location	MSTeams_8wekyb3d8bbwe	Microsoft Teams	S-1-5-21-2555952594-822551513-3886238188-1001	2	735
2025-04-19 16:38:27	2025-04-19 16:38:27	Access OK	location	MSTeams_8wekyb3d8bbwe	Microsoft Teams: Telemetry to improve call quality	S-1-5-21-2555952594-822551513-3886238188-1001	2	736
2025-04-19 16:38:27	2025-04-19 16:38:27	Access OK	location	MSTeams_8wekyb3d8bbwe	Microsoft Teams: Telemetry to improve call quality	S-1-5-21-2555952594-822551513-3886238188-1001	2	737
2025-04-19 16:38:28	2025-04-19 16:38:28	Access OK	location	MSTeams_8wekyb3d8bbwe	Microsoft Teams: Telemetry to improve call quality	S-1-5-21-2555952594-822551513-3886238188-1001	2	738
2025-04-19 16:38:28	2025-04-19 16:38:28	Access OK	location	MSTeams_8wekyb3d8bbwe	Microsoft Teams: Telemetry to improve call quality	S-1-5-21-2555952594-822551513-3886238188-1001	2	739
2025-04-19 16:38:29	2025-04-19 16:38:29	Access OK	location	MSTeams_8wekyb3d8bbwe	Microsoft Teams: Telemetry to improve call quality	S-1-5-21-2555952594-822551513-3886238188-1001	2	740
2025-04-19 16:38:29	2025-04-19 16:38:29	Access OK	location	MSTeams_8wekyb3d8bbwe	Microsoft Teams: Telemetry to improve call quality	S-1-5-21-2555952594-822551513-3886238188-1001	2	741
2025-04-19 16:38:29	2025-04-19 16:38:29	Access OK	location	MSTeams_8wekyb3d8bbwe	Microsoft Teams: Telemetry to improve call quality	S-1-5-21-2555952594-822551513-3886238188-1001	2	742
2025-04-19 16:42:15	2025-04-19 16:42:15	Access OK	location	Microsoft.StartExperiencesApp_8wekyb3d8bbwe	Start Experiences App	S-1-5-21-2555952594-822551513-3886238188-1001	2	743
2025-04-19 16:58:42	2025-04-19 16:58:42	Access OK	location	Microsoft.StartExperiencesApp_8wekyb3d8bbwe	Start Experiences App	S-1-5-21-2555952594-822551513-3886238188-1001	2	744
2025-04-19 17:19:06	2025-04-19 17:19:06	Access OK	location	Microsoft.StartExperiencesApp_8wekyb3d8bbwe	Start Experiences App	S-1-5-21-2555952594-822551513-3886238188-1001	2	745
2025-04-19 17:30:12	2025-04-19 17:30:12	Access OK	location	MSTeams_8wekyb3d8bbwe	Microsoft Teams	S-1-5-21-2555952594-822551513-3886238188-1001	2	746
2025-04-19 17:30:12	2025-04-19 17:30:12	Access OK	location	MSTeams_8wekyb3d8bbwe	Microsoft Teams	S-1-5-21-2555952594-822551513-3886238188-1001	2	747
2025-04-19 17:30:12	2025-04-19 17:30:12	Access OK	location	MSTeams_8wekyb3d8bbwe	Microsoft Teams	S-1-5-21-2555952594-822551513-3886238188-1001	2	748
2025-04-19 17:30:12	2025-04-19 17:30:12	Access OK	location	MSTeams_8wekyb3d8bbwe	Microsoft Teams: Telemetry to improve call quality	S-1-5-21-2555952594-822551513-3886238188-1001	2	749
2025-04-19 17:30:12	2025-04-19 17:30:12	Access OK	location	MSTeams_8wekyb3d8bbwe	Microsoft Teams: Telemetry to improve call quality	S-1-5-21-2555952594-822551513-3886238188-1001	2	750
2025-04-19 17:30:12	2025-04-19 17:30:12	Access OK	location	MSTeams_8wekyb3d8bbwe	Microsoft Teams: Telemetry to improve call quality	S-1-5-21-2555952594-822551513-3886238188-1001	2	751
2025-04-19 17:30:12	2025-04-19 17:30:12	Access OK	location	MSTeams_8wekyb3d8bbwe	Microsoft Teams: Telemetry to improve call quality	S-1-5-21-2555952594-822551513-3886238188-1001	2	752
2025-04-19 17:30:13	2025-04-19 17:30:13	Access OK	location	MSTeams_8wekyb3d8bbwe	Microsoft Teams: Telemetry to improve call quality	S-1-5-21-2555952594-822551513-3886238188-1001	2	753
2025-04-19 17:30:26	2025-04-19 17:30:26	Access OK	location	MSTeams_8wekyb3d8bbwe	Microsoft Teams: Telemetry to improve call quality	S-1-5-21-2555952594-822551513-3886238188-1001	2	754
2025-04-19 17:30:26	2025-04-19 17:30:26	Access OK	location	MSTeams_8wekyb3d8bbwe	Microsoft Teams: Emergency calling (if available) and regional call compliance	S-1-5-21-2555952594-822551513-3886238188-1001	2	755
2025-04-19 17:30:26	2025-04-19 17:30:26	Access OK	location	MSTeams_8wekyb3d8bbwe	Microsoft Teams: Telemetry to improve call quality	S-1-5-21-2555952594-822551513-3886238188-1001	2	756
2025-04-19 17:30:27	2025-04-19 17:30:27	Access OK	location	MSTeams_8wekyb3d8bbwe	Microsoft Teams: Telemetry to improve call quality	S-1-5-21-2555952594-822551513-3886238188-1001	2	757
2025-04-19 17:30:27	2025-04-19 17:30:27	Access OK	location	MSTeams_8wekyb3d8bbwe	Microsoft Teams: Telemetry to improve call quality	S-1-5-21-2555952594-822551513-3886238188-1001	2	758
2025-04-19 17:30:27	2025-04-19 17:30:27	Access OK	location	MSTeams_8wekyb3d8bbwe	Microsoft Teams: Telemetry to improve call quality	S-1-5-21-2555952594-822551513-3886238188-1001	2	759
2025-04-19 17:30:27	2025-04-19 17:30:27	Access OK	location	MSTeams_8wekyb3d8bbwe	Microsoft Teams: Telemetry to improve call quality	S-1-5-21-2555952594-822551513-3886238188-1001	2	760
2025-04-19 17:30:27	2025-04-19 17:30:27	Access OK	location	MSTeams_8wekyb3d8bbwe	Microsoft Teams: Telemetry to improve call quality	S-1-5-21-2555952594-822551513-3886238188-1001	2	761
2025-04-19 17:30:29	2025-04-19 17:30:29	Access OK	location	MSTeams_8wekyb3d8bbwe	Microsoft Teams: Telemetry to improve call quality	S-1-5-21-2555952594-822551513-3886238188-1001	2	762
2025-04-19 17:30:29	2025-04-19 17:30:29	Access OK	location	MSTeams_8wekyb3d8bbwe	Microsoft Teams: Telemetry to improve call quality	S-1-5-21-2555952594-822551513-3886238188-1001	2	763
2025-04-19 17:30:29	2025-04-19 17:30:29	Access OK	location	MSTeams_8wekyb3d8bbwe	Microsoft Teams: Telemetry to improve call quality	S-1-5-21-2555952594-822551513-3886238188-1001	2	764
2025-04-19 17:30:29	2025-04-19 17:30:29	Access OK	location	MSTeams_8wekyb3d8bbwe	Microsoft Teams: Telemetry to improve call quality	S-1-5-21-2555952594-822551513-3886238188-1001	2	765
2025-04-19 17:30:29	2025-04-19 17:30:29	Access OK	location	MSTeams_8wekyb3d8bbwe	Microsoft Teams: Telemetry to improve call quality	S-1-5-21-2555952594-822551513-3886238188-1001	2	766
2025-04-19 17:30:29	2025-04-19 17:30:29	Access OK	location	MSTeams_8wekyb3d8bbwe	Microsoft Teams: Telemetry to improve call quality	S-1-5-21-2555952594-822551513-3886238188-1001	2	767
2025-04-19 17:30:32	2025-04-19 17:30:32	Access OK	location	MSTeams_8wekyb3d8bbwe	Microsoft Teams: Telemetry to improve call quality	S-1-5-21-2555952594-822551513-3886238188-1001	2	768
2025-04-19 17:30:32	2025-04-19 17:30:32	Access OK	location	MSTeams_8wekyb3d8bbwe	Microsoft Teams: Telemetry to improve call quality	S-1-5-21-2555952594-822551513-3886238188-1001	2	769
2025-04-19 17:30:32	2025-04-19 17:30:32	Access OK	location	MSTeams_8wekyb3d8bbwe	Microsoft Teams: Telemetry to improve call quality	S-1-5-21-2555952594-822551513-3886238188-1001	2	770
2025-04-19 17:30:35	2025-04-19 17:30:35	Access OK	location	MSTeams_8wekyb3d8bbwe	Microsoft Teams: Telemetry to improve call quality	S-1-5-21-2555952594-822551513-3886238188-1001	2	771
2025-04-19 17:30:36	2025-04-19 17:30:36	Access OK	location	MSTeams_8wekyb3d8bbwe	Microsoft Teams: Telemetry to improve call quality	S-1-5-21-2555952594-822551513-3886238188-1001	2	772
2025-04-19 17:32:09	2025-04-19 17:32:09	Access OK	location	MSTeams_8wekyb3d8bbwe	Microsoft Teams	S-1-5-21-2555952594-822551513-3886238188-1001	2	773
2025-04-19 17:43:28	2025-04-19 17:43:28	Access OK	location	Microsoft.StartExperiencesApp_8wekyb3d8bbwe	Start Experiences App	S-1-5-21-2555952594-822551513-3886238188-1001	2	774
2025-04-19 17:59:19	2025-04-19 17:59:19	Access OK	location	Microsoft.StartExperiencesApp_8wekyb3d8bbwe	Start Experiences App	S-1-5-21-2555952594-822551513-3886238188-1001	2	775
2025-04-19 18:17:22	2025-04-19 18:17:22	Access OK	graphicsCaptureWithoutBorder	Microsoft.ScreenSketch_8wekyb3d8bbwe	Snipping Tool	S-1-5-21-2555952594-822551513-3886238188-1001	2	776
2025-04-19 18:18:45	2025-04-19 18:18:45	Access OK	location	Microsoft.StartExperiencesApp_8wekyb3d8bbwe	Start Experiences App	S-1-5-21-2555952594-822551513-3886238188-1001	2	777
2025-04-19 18:33:53	2025-04-19 18:33:53	Access OK	location	Microsoft.StartExperiencesApp_8wekyb3d8bbwe	Start Experiences App	S-1-5-21-2555952594-822551513-3886238188-1001	2	778
2025-04-19 18:35:17	2025-04-19 18:35:17	Access OK	graphicsCaptureWithoutBorder	Microsoft.ScreenSketch_8wekyb3d8bbwe	Snipping Tool	S-1-5-21-2555952594-822551513-3886238188-1001	2	779
2025-04-19 18:35:22	2025-04-19 18:35:22	Access OK	graphicsCaptureWithoutBorder	Microsoft.ScreenSketch_8wekyb3d8bbwe	Snipping Tool	S-1-5-21-2555952594-822551513-3886238188-1001	2	780
2025-04-19 18:37:23	2025-04-19 18:37:23	Access OK	graphicsCaptureWithoutBorder	Microsoft.ScreenSketch_8wekyb3d8bbwe	Snipping Tool	S-1-5-21-2555952594-822551513-3886238188-1001	2	781
2025-04-19 18:56:04	2025-04-19 18:56:04	Access OK	location	Microsoft.StartExperiencesApp_8wekyb3d8bbwe	Start Experiences App	S-1-5-21-2555952594-822551513-3886238188-1001	2	782
2025-04-19 19:14:46	2025-04-19 19:14:46	Access OK	location	Microsoft.StartExperiencesApp_8wekyb3d8bbwe	Start Experiences App	S-1-5-21-2555952594-822551513-3886238188-1001	2	783
2025-04-19 19:34:17	2025-04-19 19:34:17	Access OK	location	MSTeams_8wekyb3d8bbwe	Microsoft Teams	S-1-5-21-2555952594-822551513-3886238188-1001	2	784
2025-04-19 19:34:17	2025-04-19 19:34:17	Access OK	location	MSTeams_8wekyb3d8bbwe	Microsoft Teams: Telemetry to improve call quality	S-1-5-21-2555952594-822551513-3886238188-1001	2	785
2025-04-19 19:34:17	2025-04-19 19:34:17	Access OK	location	MSTeams_8wekyb3d8bbwe	Microsoft Teams: Telemetry to improve call quality	S-1-5-21-2555952594-822551513-3886238188-1001	2	786
2025-04-19 19:34:17	2025-04-19 19:34:17	Access OK	location	MSTeams_8wekyb3d8bbwe	Microsoft Teams: Telemetry to improve call quality	S-1-5-21-2555952594-822551513-3886238188-1001	2	787
2025-04-19 19:34:17	2025-04-19 19:34:17	Access OK	location	MSTeams_8wekyb3d8bbwe	Microsoft Teams: Telemetry to improve call quality	S-1-5-21-2555952594-822551513-3886238188-1001	2	788
2025-04-19 19:34:18	2025-04-19 19:34:18	Access OK	location	MSTeams_8wekyb3d8bbwe	Microsoft Teams: Telemetry to improve call quality	S-1-5-21-2555952594-822551513-3886238188-1001	2	789
2025-04-19 22:07:59	2025-04-19 22:07:59	Access OK	location	MSTeams_8wekyb3d8bbwe	Microsoft Teams	S-1-5-21-2555952594-822551513-3886238188-1001	2	790
2025-04-19 22:10:03	2025-04-19 22:10:03	Access OK	location	MSTeams_8wekyb3d8bbwe	Microsoft Teams	S-1-5-21-2555952594-822551513-3886238188-1001	2	791
2025-04-19 22:10:03	2025-04-19 22:10:03	Access OK	location	MSTeams_8wekyb3d8bbwe	Microsoft Teams: Telemetry to improve call quality	S-1-5-21-2555952594-822551513-3886238188-1001	2	792
2025-04-19 22:10:03	2025-04-19 22:10:03	Access OK	location	MSTeams_8wekyb3d8bbwe	Microsoft Teams: Telemetry to improve call quality	S-1-5-21-2555952594-822551513-3886238188-1001	2	793
2025-04-19 22:10:04	2025-04-19 22:10:04	Access OK	location	MSTeams_8wekyb3d8bbwe	Microsoft Teams: Telemetry to improve call quality	S-1-5-21-2555952594-822551513-3886238188-1001	2	794
2025-04-19 22:10:04	2025-04-19 22:10:04	Access OK	location	MSTeams_8wekyb3d8bbwe	Microsoft Teams: Telemetry to improve call quality	S-1-5-21-2555952594-822551513-3886238188-1001	2	795
2025-04-19 22:10:05	2025-04-19 22:10:05	Access OK	location	Microsoft.StartExperiencesApp_8wekyb3d8bbwe	Start Experiences App	S-1-5-21-2555952594-822551513-3886238188-1001	2	796
2025-04-19 22:10:05	2025-04-19 22:10:05	Access OK	location	MSTeams_8wekyb3d8bbwe	Microsoft Teams: Emergency calling (if available) and regional call compliance	S-1-5-21-2555952594-822551513-3886238188-1001	2	797
2025-04-19 22:10:06	2025-04-19 22:10:06	Access OK	location	MSTeams_8wekyb3d8bbwe	Microsoft Teams: Emergency calling (if available) and regional call compliance	S-1-5-21-2555952594-822551513-3886238188-1001	2	798
2025-04-19 22:10:06	2025-04-19 22:10:06	Access OK	location	MSTeams_8wekyb3d8bbwe	Microsoft Teams: Telemetry to improve call quality	S-1-5-21-2555952594-822551513-3886238188-1001	2	799
2025-04-19 22:10:06	2025-04-19 22:10:06	Access OK	location	MSTeams_8wekyb3d8bbwe	Microsoft Teams: Telemetry to improve call quality	S-1-5-21-2555952594-822551513-3886238188-1001	2	800
2025-04-19 22:30:20	2025-04-19 22:30:20	Access OK	location	Microsoft.StartExperiencesApp_8wekyb3d8bbwe	Start Experiences App	S-1-5-21-2555952594-822551513-3886238188-1001	2	801
2025-04-19 22:32:59	2025-04-19 22:32:59	Access OK	graphicsCaptureWithoutBorder	Microsoft.ScreenSketch_8wekyb3d8bbwe	Snipping Tool	S-1-5-21-2555952594-822551513-3886238188-1001	2	802
2025-04-19 22:58:20	2025-04-19 22:58:20	Access OK	location	Microsoft.StartExperiencesApp_8wekyb3d8bbwe	Start Experiences App	S-1-5-21-2555952594-822551513-3886238188-1001	2	803
2025-04-19 23:19:06	2025-04-19 23:19:06	Access OK	location	Microsoft.StartExperiencesApp_8wekyb3d8bbwe	Start Experiences App	S-1-5-21-2555952594-822551513-3886238188-1001	2	804
2025-04-19 23:46:32	2025-04-19 23:46:32	Access OK	location	Microsoft.StartExperiencesApp_8wekyb3d8bbwe	Start Experiences App	S-1-5-21-2555952594-822551513-3886238188-1001	2	805
2025-04-20 00:14:00	2025-04-20 00:14:00	Access OK	location	Microsoft.StartExperiencesApp_8wekyb3d8bbwe	Start Experiences App	S-1-5-21-2555952594-822551513-3886238188-1001	2	806
2025-04-20 00:33:53	2025-04-20 00:33:53	Access OK	location	Microsoft.StartExperiencesApp_8wekyb3d8bbwe	Start Experiences App	S-1-5-21-2555952594-822551513-3886238188-1001	2	807
2025-04-20 00:59:18	2025-04-20 00:59:18	Access OK	location	Microsoft.StartExperiencesApp_8wekyb3d8bbwe	Start Experiences App	S-1-5-21-2555952594-822551513-3886238188-1001	2	808
2025-04-20 01:18:20	2025-04-20 01:18:20	Access OK	location	Microsoft.StartExperiencesApp_8wekyb3d8bbwe	Start Experiences App	S-1-5-21-2555952594-822551513-3886238188-1001	2	809
2025-04-20 01:33:52	2025-04-20 01:33:52	Access OK	location	Microsoft.StartExperiencesApp_8wekyb3d8bbwe	Start Experiences App	S-1-5-21-2555952594-822551513-3886238188-1001	2	810
2025-04-20 01:54:57	2025-04-20 01:54:57	Access OK	location	Microsoft.StartExperiencesApp_8wekyb3d8bbwe	Start Experiences App	S-1-5-21-2555952594-822551513-3886238188-1001	2	811
2025-04-20 02:19:05	2025-04-20 02:19:05	Access OK	location	Microsoft.StartExperiencesApp_8wekyb3d8bbwe	Start Experiences App	S-1-5-21-2555952594-822551513-3886238188-1001	2	812
2025-04-20 12:20:31	2025-04-20 12:20:31	Access OK	location	Microsoft.StartExperiencesApp_8wekyb3d8bbwe	Start Experiences App	S-1-5-21-2555952594-822551513-3886238188-1001	2	813
2025-04-20 12:29:20	2025-04-20 12:29:20	Access OK	graphicsCaptureWithoutBorder	Microsoft.ScreenSketch_8wekyb3d8bbwe	Snipping Tool	S-1-5-21-2555952594-822551513-3886238188-1001	2	814
2025-04-20 12:40:44	2025-04-20 12:40:44	Access OK	location	Microsoft.StartExperiencesApp_8wekyb3d8bbwe	Start Experiences App	S-1-5-21-2555952594-822551513-3886238188-1001	2	815
2025-04-20 13:02:03	2025-04-20 13:02:03	Access OK	location	Microsoft.StartExperiencesApp_8wekyb3d8bbwe	Start Experiences App	S-1-5-21-2555952594-822551513-3886238188-1001	2	816
2025-04-20 14:52:41	2025-04-20 14:52:41	Access OK	location	Microsoft.StartExperiencesApp_8wekyb3d8bbwe	Start Experiences App	S-1-5-21-2555952594-822551513-3886238188-1001	2	817
2025-04-20 15:12:03	2025-04-20 15:12:03	Access OK	location	Microsoft.StartExperiencesApp_8wekyb3d8bbwe	Start Experiences App	S-1-5-21-2555952594-822551513-3886238188-1001	2	818
2025-04-20 15:32:18	2025-04-20 15:32:18	Access OK	location	Microsoft.StartExperiencesApp_8wekyb3d8bbwe	Start Experiences App	S-1-5-21-2555952594-822551513-3886238188-1001	2	819
2025-04-20 15:59:19	2025-04-20 15:59:19	Access OK	location	Microsoft.StartExperiencesApp_8wekyb3d8bbwe	Start Experiences App	S-1-5-21-2555952594-822551513-3886238188-1001	2	820
2025-04-20 16:17:18	2025-04-20 16:17:18	Access OK	location	Microsoft.StartExperiencesApp_8wekyb3d8bbwe	Start Experiences App	S-1-5-21-2555952594-822551513-3886238188-1001	2	821
2025-04-20 16:32:19	2025-04-20 16:32:19	Access OK	location	Microsoft.StartExperiencesApp_8wekyb3d8bbwe	Start Experiences App	S-1-5-21-2555952594-822551513-3886238188-1001	2	822
2025-04-20 17:04:04	2025-04-20 17:04:04	Access OK	location	Microsoft.StartExperiencesApp_8wekyb3d8bbwe	Start Experiences App	S-1-5-21-2555952594-822551513-3886238188-1001	2	823
2025-04-20 17:13:07	2025-04-20 17:13:07	Access OK	graphicsCaptureWithoutBorder	Microsoft.ScreenSketch_8wekyb3d8bbwe	Snipping Tool	S-1-5-21-2555952594-822551513-3886238188-1001	2	824
2025-04-20 17:15:20	2025-04-20 17:15:20	Access OK	graphicsCaptureWithoutBorder	Microsoft.ScreenSketch_8wekyb3d8bbwe	Snipping Tool	S-1-5-21-2555952594-822551513-3886238188-1001	2	825
2025-04-20 17:15:43	2025-04-20 17:15:43	Access OK	graphicsCaptureWithoutBorder	Microsoft.ScreenSketch_8wekyb3d8bbwe	Snipping Tool	S-1-5-21-2555952594-822551513-3886238188-1001	2	826
2025-04-20 17:16:01	2025-04-20 17:16:01	Access OK	graphicsCaptureWithoutBorder	Microsoft.ScreenSketch_8wekyb3d8bbwe	Snipping Tool	S-1-5-21-2555952594-822551513-3886238188-1001	2	827
2025-04-20 17:30:24	2025-04-20 17:30:24	Access OK	graphicsCaptureWithoutBorder	Microsoft.ScreenSketch_8wekyb3d8bbwe	Snipping Tool	S-1-5-21-2555952594-822551513-3886238188-1001	2	828
2025-04-20 17:32:04	2025-04-20 17:32:04	Access OK	location	Microsoft.StartExperiencesApp_8wekyb3d8bbwe	Start Experiences App	S-1-5-21-2555952594-822551513-3886238188-1001	2	829
2025-04-20 17:59:18	2025-04-20 17:59:18	Access OK	location	Microsoft.StartExperiencesApp_8wekyb3d8bbwe	Start Experiences App	S-1-5-21-2555952594-822551513-3886238188-1001	2	830
2025-04-20 18:33:18	2025-04-20 18:33:18	Access OK	location	Microsoft.StartExperiencesApp_8wekyb3d8bbwe	Start Experiences App	S-1-5-21-2555952594-822551513-3886238188-1001	2	831
2025-04-20 18:56:04	2025-04-20 18:56:04	Access OK	location	Microsoft.StartExperiencesApp_8wekyb3d8bbwe	Start Experiences App	S-1-5-21-2555952594-822551513-3886238188-1001	2	832
2025-04-20 19:11:31	2025-04-20 19:11:31	Access OK	location	Microsoft.StartExperiencesApp_8wekyb3d8bbwe	Start Experiences App	S-1-5-21-2555952594-822551513-3886238188-1001	2	833
2025-04-20 20:17:56	2025-04-20 20:17:56	Access OK	location	Microsoft.StartExperiencesApp_8wekyb3d8bbwe	Start Experiences App	S-1-5-21-2555952594-822551513-3886238188-1001	2	834
2025-04-25 21:34:35	2025-04-25 21:34:35	Access OK	location	Microsoft.StartExperiencesApp_8wekyb3d8bbwe	Start Experiences App	S-1-5-21-2555952594-822551513-3886238188-1001	2	835
2025-04-25 21:34:35	2025-04-25 21:34:35	Access OK	location	Microsoft.StartExperiencesApp_8wekyb3d8bbwe	Start Experiences App: Widgets provide local weather, news, and more.	S-1-5-21-2555952594-822551513-3886238188-1001	2	836
2025-04-25 21:34:48	2025-04-25 21:34:48	Access OK	location	Microsoft.StartExperiencesApp_8wekyb3d8bbwe	Start Experiences App	S-1-5-21-2555952594-822551513-3886238188-1001	2	837
2025-04-25 21:35:02	2025-04-25 21:35:02	Access OK	location	Microsoft.StartExperiencesApp_8wekyb3d8bbwe	Start Experiences App	S-1-5-21-2555952594-822551513-3886238188-1001	2	838
2025-04-25 21:39:03	2025-04-25 21:39:03	Access OK	location	Microsoft.StartExperiencesApp_8wekyb3d8bbwe	Start Experiences App	S-1-5-21-2555952594-822551513-3886238188-1001	2	839
2025-04-25 21:39:14	2025-04-25 21:39:14	Access OK	location	Microsoft.StartExperiencesApp_8wekyb3d8bbwe	Start Experiences App	S-1-5-21-2555952594-822551513-3886238188-1001	2	840
2025-04-25 21:39:29	2025-04-25 21:39:29	Access OK	location	Microsoft.StartExperiencesApp_8wekyb3d8bbwe	Start Experiences App	S-1-5-21-2555952594-822551513-3886238188-1001	2	841
2025-04-25 21:45:00	2025-04-25 21:45:00	Access OK	location	MSTeams_8wekyb3d8bbwe	Microsoft Teams	S-1-5-21-2555952594-822551513-3886238188-1001	2	842
2025-04-25 21:52:00	2025-04-25 21:52:00	Access OK	location	Microsoft.StartExperiencesApp_8wekyb3d8bbwe	Start Experiences App	S-1-5-21-2555952594-822551513-3886238188-1001	2	843
2025-04-25 21:58:04	2025-04-25 21:58:04	Access OK	graphicsCaptureWithoutBorder	Microsoft.ScreenSketch_8wekyb3d8bbwe	Snipping Tool	S-1-5-21-2555952594-822551513-3886238188-1001	2	844
2025-04-25 22:01:04	2025-04-25 22:01:04	Access OK	graphicsCaptureWithoutBorder	Microsoft.ScreenSketch_8wekyb3d8bbwe	Snipping Tool	S-1-5-21-2555952594-822551513-3886238188-1001	2	845
2025-04-25 22:29:57	2025-04-25 22:29:57	Access OK	location	Microsoft.StartExperiencesApp_8wekyb3d8bbwe	Start Experiences App	S-1-5-21-2555952594-822551513-3886238188-1001	2	846
2025-04-25 22:59:58	2025-04-25 22:59:58	Access OK	location	Microsoft.StartExperiencesApp_8wekyb3d8bbwe	Start Experiences App	S-1-5-21-2555952594-822551513-3886238188-1001	2	847
2025-04-25 23:27:59	2025-04-25 23:27:59	Access OK	location	Microsoft.StartExperiencesApp_8wekyb3d8bbwe	Start Experiences App	S-1-5-21-2555952594-822551513-3886238188-1001	2	848
2025-04-25 23:54:35	2025-04-25 23:54:35	Access OK	location	Microsoft.StartExperiencesApp_8wekyb3d8bbwe	Start Experiences App	S-1-5-21-2555952594-822551513-3886238188-1001	2	849
2025-04-26 00:14:33	2025-04-26 00:14:33	Access OK	location	Microsoft.StartExperiencesApp_8wekyb3d8bbwe	Start Experiences App	S-1-5-21-2555952594-822551513-3886238188-1001	2	850
2025-04-26 00:39:01	2025-04-26 00:39:01	Access OK	location	Microsoft.StartExperiencesApp_8wekyb3d8bbwe	Start Experiences App	S-1-5-21-2555952594-822551513-3886238188-1001	2	851
2025-04-26 01:14:32	2025-04-26 01:14:32	Access OK	location	Microsoft.StartExperiencesApp_8wekyb3d8bbwe	Start Experiences App	S-1-5-21-2555952594-822551513-3886238188-1001	2	852
2025-04-26 01:29:57	2025-04-26 01:29:57	Access OK	location	Microsoft.StartExperiencesApp_8wekyb3d8bbwe	Start Experiences App	S-1-5-21-2555952594-822551513-3886238188-1001	2	853
2025-04-26 01:56:36	2025-04-26 01:56:36	Access OK	location	MSTeams_8wekyb3d8bbwe	Microsoft Teams	S-1-5-21-2555952594-822551513-3886238188-1001	2	854
2025-04-26 01:56:36	2025-04-26 01:56:36	Access OK	location	MSTeams_8wekyb3d8bbwe	Microsoft Teams: Telemetry to improve call quality	S-1-5-21-2555952594-822551513-3886238188-1001	2	855
2025-04-26 01:56:36	2025-04-26 01:56:36	Access OK	location	MSTeams_8wekyb3d8bbwe	Microsoft Teams: Telemetry to improve call quality	S-1-5-21-2555952594-822551513-3886238188-1001	2	856
2025-04-26 01:56:36	2025-04-26 01:56:36	Access OK	location	MSTeams_8wekyb3d8bbwe	Microsoft Teams: Telemetry to improve call quality	S-1-5-21-2555952594-822551513-3886238188-1001	2	857
2025-04-26 01:56:36	2025-04-26 01:56:36	Access OK	location	MSTeams_8wekyb3d8bbwe	Microsoft Teams: Telemetry to improve call quality	S-1-5-21-2555952594-822551513-3886238188-1001	2	858
2025-04-26 01:56:37	2025-04-26 01:56:37	Access OK	location	MSTeams_8wekyb3d8bbwe	Microsoft Teams: Telemetry to improve call quality	S-1-5-21-2555952594-822551513-3886238188-1001	2	859
2025-04-26 01:56:38	2025-04-26 01:56:38	Access OK	location	MSTeams_8wekyb3d8bbwe	Microsoft Teams: Telemetry to improve call quality	S-1-5-21-2555952594-822551513-3886238188-1001	2	860
2025-04-26 04:56:39	2025-04-26 04:56:39	Access OK	location	MSTeams_8wekyb3d8bbwe	Microsoft Teams: Telemetry to improve call quality	S-1-5-21-2555952594-822551513-3886238188-1001	2	861
2025-04-26 04:56:47	2025-04-26 04:56:47	Access OK	location	MSTeams_8wekyb3d8bbwe	Microsoft Teams	S-1-5-21-2555952594-822551513-3886238188-1001	2	862
2025-04-26 12:17:37	2025-04-26 12:17:37	Access OK	location	MSTeams_8wekyb3d8bbwe	Microsoft Teams	S-1-5-21-2555952594-822551513-3886238188-1001	2	863
2025-04-26 12:18:20	2025-04-26 12:18:20	Access OK	location	MSTeams_8wekyb3d8bbwe	Microsoft Teams	S-1-5-21-2555952594-822551513-3886238188-1001	2	864
2025-04-26 12:18:20	2025-04-26 12:18:20	Access OK	location	MSTeams_8wekyb3d8bbwe	Microsoft Teams: Telemetry to improve call quality	S-1-5-21-2555952594-822551513-3886238188-1001	2	865
2025-04-26 12:18:21	2025-04-26 12:18:21	Access OK	location	MSTeams_8wekyb3d8bbwe	Microsoft Teams: Telemetry to improve call quality	S-1-5-21-2555952594-822551513-3886238188-1001	2	866
2025-04-26 12:18:21	2025-04-26 12:18:21	Access OK	location	MSTeams_8wekyb3d8bbwe	Microsoft Teams: Telemetry to improve call quality	S-1-5-21-2555952594-822551513-3886238188-1001	2	867
2025-04-26 12:18:21	2025-04-26 12:18:21	Access OK	location	MSTeams_8wekyb3d8bbwe	Microsoft Teams: Telemetry to improve call quality	S-1-5-21-2555952594-822551513-3886238188-1001	2	868
2025-04-26 12:18:21	2025-04-26 12:18:21	Access OK	location	MSTeams_8wekyb3d8bbwe	Microsoft Teams: Telemetry to improve call quality	S-1-5-21-2555952594-822551513-3886238188-1001	2	869
2025-04-26 12:18:22	2025-04-26 12:18:22	Access OK	location	MSTeams_8wekyb3d8bbwe	Microsoft Teams: Emergency calling (if available) and regional call compliance	S-1-5-21-2555952594-822551513-3886238188-1001	2	870
2025-04-26 12:18:23	2025-04-26 12:18:23	Access OK	location	MSTeams_8wekyb3d8bbwe	Microsoft Teams: Emergency calling (if available) and regional call compliance	S-1-5-21-2555952594-822551513-3886238188-1001	2	871
2025-04-26 12:18:24	2025-04-26 12:18:24	Access OK	location	MSTeams_8wekyb3d8bbwe	Microsoft Teams: Telemetry to improve call quality	S-1-5-21-2555952594-822551513-3886238188-1001	2	872
2025-04-26 12:19:52	2025-04-26 12:19:52	Access OK	graphicsCaptureWithoutBorder	Microsoft.ScreenSketch_8wekyb3d8bbwe	Snipping Tool	S-1-5-21-2555952594-822551513-3886238188-1001	2	873
2025-04-26 12:24:01	2025-04-26 12:24:01	Access OK	location	Microsoft.StartExperiencesApp_8wekyb3d8bbwe	Start Experiences App	S-1-5-21-2555952594-822551513-3886238188-1001	2	874
2025-04-26 12:47:11	2025-04-26 12:47:11	Access OK	graphicsCaptureWithoutBorder	Microsoft.ScreenSketch_8wekyb3d8bbwe	Snipping Tool	S-1-5-21-2555952594-822551513-3886238188-1001	2	875
2025-04-26 12:47:30	2025-04-26 12:47:30	Access OK	microphone	PythonSoftwareFoundation.Python.3.11_qbz5n2kfra8p0	Python 3.11	S-1-5-21-2555952594-822551513-3886238188-1001	2	876
2025-04-26 12:47:33	2025-04-26 12:47:37	Access OK	microphone	PythonSoftwareFoundation.Python.3.11_qbz5n2kfra8p0	Python 3.11	S-1-5-21-2555952594-822551513-3886238188-1001	2	877
2025-04-26 12:50:44	2025-04-26 12:50:44	Access OK	location	Microsoft.StartExperiencesApp_8wekyb3d8bbwe	Start Experiences App	S-1-5-21-2555952594-822551513-3886238188-1001	2	878
2025-04-26 13:01:07	2025-04-26 13:01:07	Access OK	graphicsCaptureWithoutBorder	Microsoft.ScreenSketch_8wekyb3d8bbwe	Snipping Tool	S-1-5-21-2555952594-822551513-3886238188-1001	2	879
2025-04-26 13:03:36	2025-04-26 13:03:36	Access OK	location	MSTeams_8wekyb3d8bbwe	Microsoft Teams	S-1-5-21-2555952594-822551513-3886238188-1001	2	880
2025-04-26 13:03:36	2025-04-26 13:03:36	Access OK	location	MSTeams_8wekyb3d8bbwe	Microsoft Teams	S-1-5-21-2555952594-822551513-3886238188-1001	2	881
2025-04-26 13:03:36	2025-04-26 13:03:36	Access OK	location	MSTeams_8wekyb3d8bbwe	Microsoft Teams: Telemetry to improve call quality	S-1-5-21-2555952594-822551513-3886238188-1001	2	882
2025-04-26 13:03:36	2025-04-26 13:03:36	Access OK	location	MSTeams_8wekyb3d8bbwe	Microsoft Teams: Telemetry to improve call quality	S-1-5-21-2555952594-822551513-3886238188-1001	2	883
2025-04-26 13:03:36	2025-04-26 13:03:36	Access OK	location	MSTeams_8wekyb3d8bbwe	Microsoft Teams: Telemetry to improve call quality	S-1-5-21-2555952594-822551513-3886238188-1001	2	884
2025-04-26 13:03:36	2025-04-26 13:03:36	Access OK	location	MSTeams_8wekyb3d8bbwe	Microsoft Teams: Telemetry to improve call quality	S-1-5-21-2555952594-822551513-3886238188-1001	2	885
2025-04-26 13:03:36	2025-04-26 13:03:36	Access OK	location	MSTeams_8wekyb3d8bbwe	Microsoft Teams: Telemetry to improve call quality	S-1-5-21-2555952594-822551513-3886238188-1001	2	886
2025-04-26 13:03:36	2025-04-26 13:03:36	Access OK	location	MSTeams_8wekyb3d8bbwe	Microsoft Teams: Telemetry to improve call quality	S-1-5-21-2555952594-822551513-3886238188-1001	2	887
2025-04-26 13:03:36	2025-04-26 13:03:36	Access OK	location	MSTeams_8wekyb3d8bbwe	Microsoft Teams: Telemetry to improve call quality	S-1-5-21-2555952594-822551513-3886238188-1001	2	888
2025-04-26 14:35:54	2025-04-26 14:35:54	Access OK	location	MSTeams_8wekyb3d8bbwe	Microsoft Teams: Telemetry to improve call quality	S-1-5-21-2555952594-822551513-3886238188-1001	2	889
2025-04-26 14:35:54	2025-04-26 14:35:54	Access OK	location	MSTeams_8wekyb3d8bbwe	Microsoft Teams: Emergency calling (if available) and regional call compliance	S-1-5-21-2555952594-822551513-3886238188-1001	2	890
2025-04-26 14:35:55	2025-04-26 14:35:55	Access OK	location	MSTeams_8wekyb3d8bbwe	Microsoft Teams: Telemetry to improve call quality	S-1-5-21-2555952594-822551513-3886238188-1001	2	891
2025-04-26 14:35:55	2025-04-26 14:35:55	Access OK	location	MSTeams_8wekyb3d8bbwe	Microsoft Teams: Telemetry to improve call quality	S-1-5-21-2555952594-822551513-3886238188-1001	2	892
2025-04-26 14:35:55	2025-04-26 14:35:55	Access OK	location	MSTeams_8wekyb3d8bbwe	Microsoft Teams: Telemetry to improve call quality	S-1-5-21-2555952594-822551513-3886238188-1001	2	893
2025-04-26 14:35:56	2025-04-26 14:35:56	Access OK	location	MSTeams_8wekyb3d8bbwe	Microsoft Teams: Telemetry to improve call quality	S-1-5-21-2555952594-822551513-3886238188-1001	2	894
2025-04-26 14:35:56	2025-04-26 14:35:56	Access OK	location	MSTeams_8wekyb3d8bbwe	Microsoft Teams: Telemetry to improve call quality	S-1-5-21-2555952594-822551513-3886238188-1001	2	896
2025-04-26 14:35:56	2025-04-26 14:35:56	Access OK	location	MSTeams_8wekyb3d8bbwe	Microsoft Teams: Telemetry to improve call quality	S-1-5-21-2555952594-822551513-3886238188-1001	2	895
2025-04-26 14:35:56	2025-04-26 14:35:56	Access OK	location	MSTeams_8wekyb3d8bbwe	Microsoft Teams: Telemetry to improve call quality	S-1-5-21-2555952594-822551513-3886238188-1001	2	897
2025-04-26 14:35:56	2025-04-26 14:35:56	Access OK	location	MSTeams_8wekyb3d8bbwe	Microsoft Teams: Telemetry to improve call quality	S-1-5-21-2555952594-822551513-3886238188-1001	2	898
2025-04-26 14:35:57	2025-04-26 14:35:57	Access OK	location	MSTeams_8wekyb3d8bbwe	Microsoft Teams: Telemetry to improve call quality	S-1-5-21-2555952594-822551513-3886238188-1001	2	899
2025-04-26 14:35:58	2025-04-26 14:35:58	Access OK	location	MSTeams_8wekyb3d8bbwe	Microsoft Teams: Telemetry to improve call quality	S-1-5-21-2555952594-822551513-3886238188-1001	2	900
2025-04-26 14:35:58	2025-04-26 14:35:58	Access OK	location	MSTeams_8wekyb3d8bbwe	Microsoft Teams: Telemetry to improve call quality	S-1-5-21-2555952594-822551513-3886238188-1001	2	901
2025-04-26 14:35:58	2025-04-26 14:35:58	Access OK	location	MSTeams_8wekyb3d8bbwe	Microsoft Teams: Telemetry to improve call quality	S-1-5-21-2555952594-822551513-3886238188-1001	2	902
2025-04-26 14:35:58	2025-04-26 14:35:58	Access OK	location	MSTeams_8wekyb3d8bbwe	Microsoft Teams: Telemetry to improve call quality	S-1-5-21-2555952594-822551513-3886238188-1001	2	903
2025-04-26 14:35:58	2025-04-26 14:35:58	Access OK	location	MSTeams_8wekyb3d8bbwe	Microsoft Teams: Telemetry to improve call quality	S-1-5-21-2555952594-822551513-3886238188-1001	2	904
2025-04-26 14:35:58	2025-04-26 14:35:58	Access OK	location	MSTeams_8wekyb3d8bbwe	Microsoft Teams: Telemetry to improve call quality	S-1-5-21-2555952594-822551513-3886238188-1001	2	905
2025-04-26 14:35:58	2025-04-26 14:35:58	Access OK	location	MSTeams_8wekyb3d8bbwe	Microsoft Teams: Telemetry to improve call quality	S-1-5-21-2555952594-822551513-3886238188-1001	2	906
2025-04-26 14:35:59	2025-04-26 14:35:59	Access OK	location	MSTeams_8wekyb3d8bbwe	Microsoft Teams: Telemetry to improve call quality	S-1-5-21-2555952594-822551513-3886238188-1001	2	907
2025-04-26 14:36:01	2025-04-26 14:36:01	Access OK	location	MSTeams_8wekyb3d8bbwe	Microsoft Teams: Telemetry to improve call quality	S-1-5-21-2555952594-822551513-3886238188-1001	2	908
2025-04-26 14:37:50	2025-04-26 14:37:50	Access OK	location	Microsoft.StartExperiencesApp_8wekyb3d8bbwe	Start Experiences App	S-1-5-21-2555952594-822551513-3886238188-1001	2	909
2025-04-26 15:13:20	2025-04-26 15:13:20	Access OK	location	MSTeams_8wekyb3d8bbwe	Microsoft Teams	S-1-5-21-2555952594-822551513-3886238188-1001	2	910
2025-04-26 15:13:20	2025-04-26 15:13:20	Access OK	location	MSTeams_8wekyb3d8bbwe	Microsoft Teams	S-1-5-21-2555952594-822551513-3886238188-1001	2	911
2025-04-26 15:13:20	2025-04-26 15:13:20	Access OK	location	MSTeams_8wekyb3d8bbwe	Microsoft Teams	S-1-5-21-2555952594-822551513-3886238188-1001	2	912
2025-04-26 15:13:20	2025-04-26 15:13:20	Access OK	location	MSTeams_8wekyb3d8bbwe	Microsoft Teams	S-1-5-21-2555952594-822551513-3886238188-1001	2	913
2025-04-26 15:13:20	2025-04-26 15:13:20	Access OK	location	MSTeams_8wekyb3d8bbwe	Microsoft Teams	S-1-5-21-2555952594-822551513-3886238188-1001	2	914
2025-04-26 15:13:21	2025-04-26 15:13:21	Access OK	location	MSTeams_8wekyb3d8bbwe	Microsoft Teams: Telemetry to improve call quality	S-1-5-21-2555952594-822551513-3886238188-1001	2	915
2025-04-26 15:16:40	2025-04-26 15:16:40	Access OK	location	MSTeams_8wekyb3d8bbwe	Microsoft Teams: Emergency calling (if available) and regional call compliance	S-1-5-21-2555952594-822551513-3886238188-1001	2	916
2025-04-26 15:16:41	2025-04-26 15:16:41	Access OK	location	MSTeams_8wekyb3d8bbwe	Microsoft Teams: Emergency calling (if available) and regional call compliance	S-1-5-21-2555952594-822551513-3886238188-1001	2	917
2025-04-26 15:17:30	2025-04-26 15:17:30	Access OK	location	MSTeams_8wekyb3d8bbwe	Microsoft Teams	S-1-5-21-2555952594-822551513-3886238188-1001	2	918
2025-04-26 15:17:31	2025-04-26 15:17:31	Access OK	location	MSTeams_8wekyb3d8bbwe	Microsoft Teams: Telemetry to improve call quality	S-1-5-21-2555952594-822551513-3886238188-1001	2	919
2025-04-26 15:17:31	2025-04-26 15:17:31	Access OK	location	MSTeams_8wekyb3d8bbwe	Microsoft Teams: Telemetry to improve call quality	S-1-5-21-2555952594-822551513-3886238188-1001	2	920
2025-04-26 15:17:31	2025-04-26 15:17:31	Access OK	location	MSTeams_8wekyb3d8bbwe	Microsoft Teams: Telemetry to improve call quality	S-1-5-21-2555952594-822551513-3886238188-1001	2	921
2025-04-26 15:17:31	2025-04-26 15:17:31	Access OK	location	MSTeams_8wekyb3d8bbwe	Microsoft Teams: Telemetry to improve call quality	S-1-5-21-2555952594-822551513-3886238188-1001	2	922
2025-04-26 15:17:31	2025-04-26 15:17:31	Access OK	location	MSTeams_8wekyb3d8bbwe	Microsoft Teams: Emergency calling (if available) and regional call compliance	S-1-5-21-2555952594-822551513-3886238188-1001	2	923
2025-04-26 15:17:33	2025-04-26 15:17:33	Access OK	location	MSTeams_8wekyb3d8bbwe	Microsoft Teams: Emergency calling (if available) and regional call compliance	S-1-5-21-2555952594-822551513-3886238188-1001	2	924
2025-04-26 15:17:33	2025-04-26 15:17:33	Access OK	location	MSTeams_8wekyb3d8bbwe	Microsoft Teams: Telemetry to improve call quality	S-1-5-21-2555952594-822551513-3886238188-1001	2	925
2025-04-26 15:17:33	2025-04-26 15:17:33	Access OK	location	MSTeams_8wekyb3d8bbwe	Microsoft Teams: Telemetry to improve call quality	S-1-5-21-2555952594-822551513-3886238188-1001	2	926
2025-04-26 15:19:28	2025-04-26 15:19:28	Access OK	location	Microsoft.StartExperiencesApp_8wekyb3d8bbwe	Start Experiences App	S-1-5-21-2555952594-822551513-3886238188-1001	2	927
2025-04-26 15:37:45	2025-04-26 15:37:45	Access OK	location	Microsoft.StartExperiencesApp_8wekyb3d8bbwe	Start Experiences App	S-1-5-21-2555952594-822551513-3886238188-1001	2	928
2025-04-26 15:56:11	2025-04-26 15:56:11	Access OK	location	Microsoft.StartExperiencesApp_8wekyb3d8bbwe	Start Experiences App	S-1-5-21-2555952594-822551513-3886238188-1001	2	929
2025-04-26 16:23:38	2025-04-26 16:23:38	Access OK	location	Microsoft.StartExperiencesApp_8wekyb3d8bbwe	Start Experiences App	S-1-5-21-2555952594-822551513-3886238188-1001	2	930
2025-04-26 16:39:55	2025-04-26 16:39:55	Access OK	location	Microsoft.StartExperiencesApp_8wekyb3d8bbwe	Start Experiences App	S-1-5-21-2555952594-822551513-3886238188-1001	2	931
2025-04-26 16:51:37	2025-04-26 16:51:37	Access OK	location	MSTeams_8wekyb3d8bbwe	Microsoft Teams	S-1-5-21-2555952594-822551513-3886238188-1001	2	932
2025-04-26 16:51:37	2025-04-26 16:51:37	Access OK	location	MSTeams_8wekyb3d8bbwe	Microsoft Teams	S-1-5-21-2555952594-822551513-3886238188-1001	2	933
2025-04-26 16:51:37	2025-04-26 16:51:37	Access OK	location	MSTeams_8wekyb3d8bbwe	Microsoft Teams	S-1-5-21-2555952594-822551513-3886238188-1001	2	934
2025-04-26 16:51:37	2025-04-26 16:51:37	Access OK	location	MSTeams_8wekyb3d8bbwe	Microsoft Teams	S-1-5-21-2555952594-822551513-3886238188-1001	2	935
2025-04-26 16:51:37	2025-04-26 16:51:37	Access OK	location	MSTeams_8wekyb3d8bbwe	Microsoft Teams	S-1-5-21-2555952594-822551513-3886238188-1001	2	936
2025-04-26 16:51:38	2025-04-26 16:51:38	Access OK	location	MSTeams_8wekyb3d8bbwe	Microsoft Teams: Telemetry to improve call quality	S-1-5-21-2555952594-822551513-3886238188-1001	2	937
2025-04-26 16:55:46	2025-04-26 16:55:46	Access OK	location	MSTeams_8wekyb3d8bbwe	Microsoft Teams: Emergency calling (if available) and regional call compliance	S-1-5-21-2555952594-822551513-3886238188-1001	2	938
2025-04-26 16:55:47	2025-04-26 16:55:47	Access OK	location	MSTeams_8wekyb3d8bbwe	Microsoft Teams: Emergency calling (if available) and regional call compliance	S-1-5-21-2555952594-822551513-3886238188-1001	2	939
2025-04-26 16:56:40	2025-04-26 16:56:40	Access OK	location	MSTeams_8wekyb3d8bbwe	Microsoft Teams	S-1-5-21-2555952594-822551513-3886238188-1001	2	940
2025-04-26 16:56:40	2025-04-26 16:56:40	Access OK	location	MSTeams_8wekyb3d8bbwe	Microsoft Teams: Telemetry to improve call quality	S-1-5-21-2555952594-822551513-3886238188-1001	2	941
2025-04-26 16:56:41	2025-04-26 16:56:41	Access OK	location	MSTeams_8wekyb3d8bbwe	Microsoft Teams: Telemetry to improve call quality	S-1-5-21-2555952594-822551513-3886238188-1001	2	942
2025-04-26 16:56:41	2025-04-26 16:56:41	Access OK	location	MSTeams_8wekyb3d8bbwe	Microsoft Teams: Telemetry to improve call quality	S-1-5-21-2555952594-822551513-3886238188-1001	2	943
2025-04-26 16:56:41	2025-04-26 16:56:41	Access OK	location	MSTeams_8wekyb3d8bbwe	Microsoft Teams: Telemetry to improve call quality	S-1-5-21-2555952594-822551513-3886238188-1001	2	944
2025-04-26 16:56:41	2025-04-26 16:56:41	Access OK	location	MSTeams_8wekyb3d8bbwe	Microsoft Teams: Telemetry to improve call quality	S-1-5-21-2555952594-822551513-3886238188-1001	2	945
2025-04-26 16:56:41	2025-04-26 16:56:41	Access OK	location	MSTeams_8wekyb3d8bbwe	Microsoft Teams: Emergency calling (if available) and regional call compliance	S-1-5-21-2555952594-822551513-3886238188-1001	2	946
2025-04-26 16:56:43	2025-04-26 16:56:43	Access OK	location	MSTeams_8wekyb3d8bbwe	Microsoft Teams: Emergency calling (if available) and regional call compliance	S-1-5-21-2555952594-822551513-3886238188-1001	2	947
2025-04-26 16:56:43	2025-04-26 16:56:43	Access OK	location	MSTeams_8wekyb3d8bbwe	Microsoft Teams: Telemetry to improve call quality	S-1-5-21-2555952594-822551513-3886238188-1001	2	948
2025-04-26 16:56:43	2025-04-26 16:56:43	Access OK	location	MSTeams_8wekyb3d8bbwe	Microsoft Teams: Telemetry to improve call quality	S-1-5-21-2555952594-822551513-3886238188-1001	2	949
2025-04-26 16:57:34	2025-04-26 16:57:34	Access OK	location	Microsoft.StartExperiencesApp_8wekyb3d8bbwe	Start Experiences App	S-1-5-21-2555952594-822551513-3886238188-1001	2	950
2025-04-26 17:23:38	2025-04-26 17:23:38	Access OK	location	Microsoft.StartExperiencesApp_8wekyb3d8bbwe	Start Experiences App	S-1-5-21-2555952594-822551513-3886238188-1001	2	951
2025-04-26 17:39:56	2025-04-26 17:39:56	Access OK	location	Microsoft.StartExperiencesApp_8wekyb3d8bbwe	Start Experiences App	S-1-5-21-2555952594-822551513-3886238188-1001	2	952
2025-04-26 18:00:07	2025-04-26 18:00:07	Access OK	location	Microsoft.StartExperiencesApp_8wekyb3d8bbwe	Start Experiences App	S-1-5-21-2555952594-822551513-3886238188-1001	2	953
2025-04-26 18:26:46	2025-04-26 18:26:46	Access OK	location	Microsoft.StartExperiencesApp_8wekyb3d8bbwe	Start Experiences App	S-1-5-21-2555952594-822551513-3886238188-1001	2	954
2025-04-26 19:00:06	2025-04-26 19:00:06	Access OK	location	Microsoft.StartExperiencesApp_8wekyb3d8bbwe	Start Experiences App	S-1-5-21-2555952594-822551513-3886238188-1001	2	955
2025-04-26 19:29:42	2025-04-26 19:29:42	Access OK	location	MSTeams_8wekyb3d8bbwe	Microsoft Teams	S-1-5-21-2555952594-822551513-3886238188-1001	2	956
2025-04-26 19:29:42	2025-04-26 19:29:42	Access OK	location	MSTeams_8wekyb3d8bbwe	Microsoft Teams	S-1-5-21-2555952594-822551513-3886238188-1001	2	957
2025-04-26 19:29:42	2025-04-26 19:29:42	Access OK	location	MSTeams_8wekyb3d8bbwe	Microsoft Teams: Telemetry to improve call quality	S-1-5-21-2555952594-822551513-3886238188-1001	2	958
2025-04-26 19:29:42	2025-04-26 19:29:42	Access OK	location	MSTeams_8wekyb3d8bbwe	Microsoft Teams: Telemetry to improve call quality	S-1-5-21-2555952594-822551513-3886238188-1001	2	959
2025-04-26 19:29:42	2025-04-26 19:29:42	Access OK	location	MSTeams_8wekyb3d8bbwe	Microsoft Teams: Telemetry to improve call quality	S-1-5-21-2555952594-822551513-3886238188-1001	2	960
2025-04-26 19:29:42	2025-04-26 19:29:42	Access OK	location	MSTeams_8wekyb3d8bbwe	Microsoft Teams: Telemetry to improve call quality	S-1-5-21-2555952594-822551513-3886238188-1001	2	961
2025-04-26 19:29:42	2025-04-26 19:29:42	Access OK	location	MSTeams_8wekyb3d8bbwe	Microsoft Teams: Telemetry to improve call quality	S-1-5-21-2555952594-822551513-3886238188-1001	2	962
2025-04-26 19:29:43	2025-04-26 19:29:43	Access OK	location	MSTeams_8wekyb3d8bbwe	Microsoft Teams: Telemetry to improve call quality	S-1-5-21-2555952594-822551513-3886238188-1001	2	963
2025-04-26 20:33:56	2025-04-26 20:33:56	Access OK	location	MSTeams_8wekyb3d8bbwe	Microsoft Teams: Telemetry to improve call quality	S-1-5-21-2555952594-822551513-3886238188-1001	2	964
2025-04-26 20:33:56	2025-04-26 20:33:56	Access OK	location	MSTeams_8wekyb3d8bbwe	Microsoft Teams: Telemetry to improve call quality	S-1-5-21-2555952594-822551513-3886238188-1001	2	965
2025-04-26 20:33:57	2025-04-26 20:33:57	Access OK	location	MSTeams_8wekyb3d8bbwe	Microsoft Teams: Telemetry to improve call quality	S-1-5-21-2555952594-822551513-3886238188-1001	2	966
2025-04-26 20:33:57	2025-04-26 20:33:57	Access OK	location	MSTeams_8wekyb3d8bbwe	Microsoft Teams: Telemetry to improve call quality	S-1-5-21-2555952594-822551513-3886238188-1001	2	967
2025-04-26 20:33:57	2025-04-26 20:33:57	Access OK	location	MSTeams_8wekyb3d8bbwe	Microsoft Teams: Telemetry to improve call quality	S-1-5-21-2555952594-822551513-3886238188-1001	2	968
2025-04-26 20:33:57	2025-04-26 20:33:57	Access OK	location	MSTeams_8wekyb3d8bbwe	Microsoft Teams: Telemetry to improve call quality	S-1-5-21-2555952594-822551513-3886238188-1001	2	969
2025-04-26 20:33:57	2025-04-26 20:33:57	Access OK	location	MSTeams_8wekyb3d8bbwe	Microsoft Teams: Telemetry to improve call quality	S-1-5-21-2555952594-822551513-3886238188-1001	2	970
2025-04-26 20:33:57	2025-04-26 20:33:57	Access OK	location	MSTeams_8wekyb3d8bbwe	Microsoft Teams: Telemetry to improve call quality	S-1-5-21-2555952594-822551513-3886238188-1001	2	971
2025-04-26 20:33:58	2025-04-26 20:33:58	Access OK	location	MSTeams_8wekyb3d8bbwe	Microsoft Teams: Telemetry to improve call quality	S-1-5-21-2555952594-822551513-3886238188-1001	2	972
2025-04-26 20:33:58	2025-04-26 20:33:58	Access OK	location	MSTeams_8wekyb3d8bbwe	Microsoft Teams: Telemetry to improve call quality	S-1-5-21-2555952594-822551513-3886238188-1001	2	973
2025-04-26 20:33:58	2025-04-26 20:33:58	Access OK	location	MSTeams_8wekyb3d8bbwe	Microsoft Teams: Telemetry to improve call quality	S-1-5-21-2555952594-822551513-3886238188-1001	2	974
2025-04-26 20:33:59	2025-04-26 20:33:59	Access OK	location	MSTeams_8wekyb3d8bbwe	Microsoft Teams: Telemetry to improve call quality	S-1-5-21-2555952594-822551513-3886238188-1001	2	975
2025-04-26 20:33:59	2025-04-26 20:33:59	Access OK	location	MSTeams_8wekyb3d8bbwe	Microsoft Teams: Telemetry to improve call quality	S-1-5-21-2555952594-822551513-3886238188-1001	2	976
2025-04-26 20:33:59	2025-04-26 20:33:59	Access OK	location	MSTeams_8wekyb3d8bbwe	Microsoft Teams: Telemetry to improve call quality	S-1-5-21-2555952594-822551513-3886238188-1001	2	977
2025-04-26 20:34:00	2025-04-26 20:34:00	Access OK	location	MSTeams_8wekyb3d8bbwe	Microsoft Teams: Telemetry to improve call quality	S-1-5-21-2555952594-822551513-3886238188-1001	2	978
2025-04-26 20:34:00	2025-04-26 20:34:00	Access OK	location	MSTeams_8wekyb3d8bbwe	Microsoft Teams: Telemetry to improve call quality	S-1-5-21-2555952594-822551513-3886238188-1001	2	979
2025-04-26 20:34:00	2025-04-26 20:34:00	Access OK	location	MSTeams_8wekyb3d8bbwe	Microsoft Teams: Telemetry to improve call quality	S-1-5-21-2555952594-822551513-3886238188-1001	2	980
2025-04-26 20:34:00	2025-04-26 20:34:00	Access OK	location	MSTeams_8wekyb3d8bbwe	Microsoft Teams: Telemetry to improve call quality	S-1-5-21-2555952594-822551513-3886238188-1001	2	981
2025-04-26 20:34:00	2025-04-26 20:34:00	Access OK	location	MSTeams_8wekyb3d8bbwe	Microsoft Teams: Telemetry to improve call quality	S-1-5-21-2555952594-822551513-3886238188-1001	2	982
2025-04-26 20:34:01	2025-04-26 20:34:01	Access OK	location	MSTeams_8wekyb3d8bbwe	Microsoft Teams: Telemetry to improve call quality	S-1-5-21-2555952594-822551513-3886238188-1001	2	983
2025-04-26 20:34:02	2025-04-26 20:34:02	Access OK	location	Microsoft.StartExperiencesApp_8wekyb3d8bbwe	Start Experiences App	S-1-5-21-2555952594-822551513-3886238188-1001	2	984
2025-04-26 20:34:03	2025-04-26 20:34:03	Access OK	location	MSTeams_8wekyb3d8bbwe	Microsoft Teams: Telemetry to improve call quality	S-1-5-21-2555952594-822551513-3886238188-1001	2	985
2025-04-26 20:34:03	2025-04-26 20:34:03	Access OK	location	MSTeams_8wekyb3d8bbwe	Microsoft Teams: Telemetry to improve call quality	S-1-5-21-2555952594-822551513-3886238188-1001	2	986
2025-04-26 20:34:03	2025-04-26 20:34:03	Access OK	location	MSTeams_8wekyb3d8bbwe	Microsoft Teams: Telemetry to improve call quality	S-1-5-21-2555952594-822551513-3886238188-1001	2	987
2025-04-26 20:34:06	2025-04-26 20:34:06	Access OK	location	MSTeams_8wekyb3d8bbwe	Microsoft Teams: Telemetry to improve call quality	S-1-5-21-2555952594-822551513-3886238188-1001	2	988
2025-04-26 20:34:09	2025-04-26 20:34:09	Access OK	location	MSTeams_8wekyb3d8bbwe	Microsoft Teams: Telemetry to improve call quality	S-1-5-21-2555952594-822551513-3886238188-1001	2	989
2025-04-26 20:37:09	2025-04-26 20:37:09	Access OK	graphicsCaptureWithoutBorder	Microsoft.ScreenSketch_8wekyb3d8bbwe	Snipping Tool	S-1-5-21-2555952594-822551513-3886238188-1001	2	990
2025-04-26 20:37:38	2025-04-26 20:37:38	Access OK	graphicsCaptureWithoutBorder	Microsoft.ScreenSketch_8wekyb3d8bbwe	Snipping Tool	S-1-5-21-2555952594-822551513-3886238188-1001	2	991
2025-04-26 20:54:16	2025-04-26 20:54:16	Access OK	location	Microsoft.StartExperiencesApp_8wekyb3d8bbwe	Start Experiences App	S-1-5-21-2555952594-822551513-3886238188-1001	2	992
2025-05-01 21:54:16	2025-05-01 21:54:16	Access OK	location	Microsoft.StartExperiencesApp_8wekyb3d8bbwe	Start Experiences App	S-1-5-21-2555952594-822551513-3886238188-1001	2	993
2025-05-01 21:54:16	2025-05-01 21:54:16	Access OK	location	Microsoft.StartExperiencesApp_8wekyb3d8bbwe	Start Experiences App	S-1-5-21-2555952594-822551513-3886238188-1001	2	994
2025-05-01 21:54:27	2025-05-01 21:54:27	Access OK	location	Microsoft.StartExperiencesApp_8wekyb3d8bbwe	Start Experiences App	S-1-5-21-2555952594-822551513-3886238188-1001	2	995
2025-05-01 21:54:42	2025-05-01 21:54:42	Access OK	location	Microsoft.StartExperiencesApp_8wekyb3d8bbwe	Start Experiences App	S-1-5-21-2555952594-822551513-3886238188-1001	2	996
2025-05-01 21:55:27	2025-05-01 21:55:27	Access OK	location	MSTeams_8wekyb3d8bbwe	Microsoft Teams	S-1-5-21-2555952594-822551513-3886238188-1001	2	997
2025-05-01 21:58:42	2025-05-01 21:58:42	Access OK	location	Microsoft.StartExperiencesApp_8wekyb3d8bbwe	Start Experiences App	S-1-5-21-2555952594-822551513-3886238188-1001	2	998
2025-05-01 22:09:20	2025-05-01 22:09:20	Access OK	graphicsCaptureWithoutBorder	Microsoft.ScreenSketch_8wekyb3d8bbwe	Snipping Tool	S-1-5-21-2555952594-822551513-3886238188-1001	2	999
2025-05-01 22:09:22	2025-05-01 22:09:22	Access OK	location	Microsoft.StartExperiencesApp_8wekyb3d8bbwe	Start Experiences App	S-1-5-21-2555952594-822551513-3886238188-1001	2	1000
2025-05-01 22:33:55	2025-05-01 22:33:55	Access OK	location	Microsoft.StartExperiencesApp_8wekyb3d8bbwe	Start Experiences App	S-1-5-21-2555952594-822551513-3886238188-1001	2	1001
2025-05-01 22:40:20	2025-05-01 22:40:20	Access OK	graphicsCaptureWithoutBorder	Microsoft.ScreenSketch_8wekyb3d8bbwe	Snipping Tool	S-1-5-21-2555952594-822551513-3886238188-1001	2	1002
2025-05-01 23:00:05	2025-05-01 23:00:05	Access OK	location	Microsoft.StartExperiencesApp_8wekyb3d8bbwe	Start Experiences App	S-1-5-21-2555952594-822551513-3886238188-1001	2	1003
2025-05-01 23:06:54	2025-05-01 23:06:54	Access OK	graphicsCaptureWithoutBorder	Microsoft.ScreenSketch_8wekyb3d8bbwe	Snipping Tool	S-1-5-21-2555952594-822551513-3886238188-1001	2	1004
2025-05-01 23:33:53	2025-05-01 23:33:53	Access OK	location	Microsoft.StartExperiencesApp_8wekyb3d8bbwe	Start Experiences App	S-1-5-21-2555952594-822551513-3886238188-1001	2	1005
2025-05-01 23:54:35	2025-05-01 23:54:35	Access OK	location	Microsoft.StartExperiencesApp_8wekyb3d8bbwe	Start Experiences App	S-1-5-21-2555952594-822551513-3886238188-1001	2	1006
2025-05-02 00:19:06	2025-05-02 00:19:06	Access OK	location	Microsoft.StartExperiencesApp_8wekyb3d8bbwe	Start Experiences App	S-1-5-21-2555952594-822551513-3886238188-1001	2	1007
2025-05-02 00:39:57	2025-05-02 00:39:57	Access OK	location	Microsoft.StartExperiencesApp_8wekyb3d8bbwe	Start Experiences App	S-1-5-21-2555952594-822551513-3886238188-1001	2	1008
2025-05-02 01:00:05	2025-05-02 01:00:05	Access OK	location	Microsoft.StartExperiencesApp_8wekyb3d8bbwe	Start Experiences App	S-1-5-21-2555952594-822551513-3886238188-1001	2	1009
2025-05-02 01:19:06	2025-05-02 01:19:06	Access OK	location	Microsoft.StartExperiencesApp_8wekyb3d8bbwe	Start Experiences App	S-1-5-21-2555952594-822551513-3886238188-1001	2	1010
2025-05-02 01:39:56	2025-05-02 01:39:56	Access OK	location	Microsoft.StartExperiencesApp_8wekyb3d8bbwe	Start Experiences App	S-1-5-21-2555952594-822551513-3886238188-1001	2	1011
2025-05-02 01:53:35	2025-05-02 01:53:35	Access OK	location	MSTeams_8wekyb3d8bbwe	Microsoft Teams	S-1-5-21-2555952594-822551513-3886238188-1001	2	1013
2025-05-02 01:53:35	2025-05-02 01:53:35	Access OK	location	MSTeams_8wekyb3d8bbwe	Microsoft Teams	S-1-5-21-2555952594-822551513-3886238188-1001	2	1012
2025-05-02 01:53:35	2025-05-02 01:53:35	Access OK	location	MSTeams_8wekyb3d8bbwe	Microsoft Teams: Telemetry to improve call quality	S-1-5-21-2555952594-822551513-3886238188-1001	2	1014
2025-05-02 01:53:35	2025-05-02 01:53:35	Access OK	location	MSTeams_8wekyb3d8bbwe	Microsoft Teams: Telemetry to improve call quality	S-1-5-21-2555952594-822551513-3886238188-1001	2	1015
2025-05-02 01:53:35	2025-05-02 01:53:35	Access OK	location	MSTeams_8wekyb3d8bbwe	Microsoft Teams: Telemetry to improve call quality	S-1-5-21-2555952594-822551513-3886238188-1001	2	1016
2025-05-02 01:53:35	2025-05-02 01:53:35	Access OK	location	MSTeams_8wekyb3d8bbwe	Microsoft Teams: Telemetry to improve call quality	S-1-5-21-2555952594-822551513-3886238188-1001	2	1017
2025-05-02 01:53:35	2025-05-02 01:53:35	Access OK	location	MSTeams_8wekyb3d8bbwe	Microsoft Teams: Telemetry to improve call quality	S-1-5-21-2555952594-822551513-3886238188-1001	2	1018
2025-05-02 01:53:35	2025-05-02 01:53:35	Access OK	location	MSTeams_8wekyb3d8bbwe	Microsoft Teams: Telemetry to improve call quality	S-1-5-21-2555952594-822551513-3886238188-1001	2	1019
2025-05-02 01:53:35	2025-05-02 01:53:35	Access OK	location	MSTeams_8wekyb3d8bbwe	Microsoft Teams: Telemetry to improve call quality	S-1-5-21-2555952594-822551513-3886238188-1001	2	1020
2025-05-02 01:53:36	2025-05-02 01:53:36	Access OK	location	MSTeams_8wekyb3d8bbwe	Microsoft Teams: Telemetry to improve call quality	S-1-5-21-2555952594-822551513-3886238188-1001	2	1021
2025-05-02 01:53:37	2025-05-02 01:53:37	Access OK	location	MSTeams_8wekyb3d8bbwe	Microsoft Teams: Telemetry to improve call quality	S-1-5-21-2555952594-822551513-3886238188-1001	2	1022
2025-05-02 04:53:37	2025-05-02 04:53:37	Access OK	location	MSTeams_8wekyb3d8bbwe	Microsoft Teams	S-1-5-21-2555952594-822551513-3886238188-1001	2	1023
2025-05-02 04:53:47	2025-05-02 04:53:47	Access OK	location	MSTeams_8wekyb3d8bbwe	Microsoft Teams	S-1-5-21-2555952594-822551513-3886238188-1001	2	1024
2025-05-02 11:27:07	2025-05-02 11:27:07	Access OK	location	MSTeams_8wekyb3d8bbwe	Microsoft Teams	S-1-5-21-2555952594-822551513-3886238188-1001	2	1025
2025-05-02 11:28:13	2025-05-02 11:28:13	Access OK	location	MSTeams_8wekyb3d8bbwe	Microsoft Teams	S-1-5-21-2555952594-822551513-3886238188-1001	2	1026
2025-05-02 11:28:13	2025-05-02 11:28:13	Access OK	location	MSTeams_8wekyb3d8bbwe	Microsoft Teams: Telemetry to improve call quality	S-1-5-21-2555952594-822551513-3886238188-1001	2	1027
2025-05-02 11:28:14	2025-05-02 11:28:14	Access OK	location	MSTeams_8wekyb3d8bbwe	Microsoft Teams: Telemetry to improve call quality	S-1-5-21-2555952594-822551513-3886238188-1001	2	1028
2025-05-02 11:28:14	2025-05-02 11:28:14	Access OK	location	MSTeams_8wekyb3d8bbwe	Microsoft Teams: Telemetry to improve call quality	S-1-5-21-2555952594-822551513-3886238188-1001	2	1029
2025-05-02 11:28:14	2025-05-02 11:28:14	Access OK	location	MSTeams_8wekyb3d8bbwe	Microsoft Teams: Telemetry to improve call quality	S-1-5-21-2555952594-822551513-3886238188-1001	2	1030
2025-05-02 11:28:14	2025-05-02 11:28:14	Access OK	location	MSTeams_8wekyb3d8bbwe	Microsoft Teams: Telemetry to improve call quality	S-1-5-21-2555952594-822551513-3886238188-1001	2	1031
2025-05-02 11:28:15	2025-05-02 11:28:15	Access OK	location	MSTeams_8wekyb3d8bbwe	Microsoft Teams: Emergency calling (if available) and regional call compliance	S-1-5-21-2555952594-822551513-3886238188-1001	2	1032
2025-05-02 11:28:16	2025-05-02 11:28:16	Access OK	location	MSTeams_8wekyb3d8bbwe	Microsoft Teams: Emergency calling (if available) and regional call compliance	S-1-5-21-2555952594-822551513-3886238188-1001	2	1033
2025-05-02 11:28:16	2025-05-02 11:28:16	Access OK	location	MSTeams_8wekyb3d8bbwe	Microsoft Teams: Telemetry to improve call quality	S-1-5-21-2555952594-822551513-3886238188-1001	2	1034
2025-05-02 11:28:16	2025-05-02 11:28:16	Access OK	location	MSTeams_8wekyb3d8bbwe	Microsoft Teams: Telemetry to improve call quality	S-1-5-21-2555952594-822551513-3886238188-1001	2	1035
2025-05-02 11:30:37	2025-05-02 11:30:37	Access OK	location	Microsoft.StartExperiencesApp_8wekyb3d8bbwe	Start Experiences App	S-1-5-21-2555952594-822551513-3886238188-1001	2	1036
2025-05-02 12:00:06	2025-05-02 12:00:06	Access OK	location	Microsoft.StartExperiencesApp_8wekyb3d8bbwe	Start Experiences App	S-1-5-21-2555952594-822551513-3886238188-1001	2	1037
2025-05-02 12:12:01	2025-05-02 12:12:01	Access OK	graphicsCaptureWithoutBorder	Microsoft.ScreenSketch_8wekyb3d8bbwe	Snipping Tool	S-1-5-21-2555952594-822551513-3886238188-1001	2	1038
2025-05-02 12:12:52	2025-05-02 12:12:52	Access OK	graphicsCaptureWithoutBorder	Microsoft.ScreenSketch_8wekyb3d8bbwe	Snipping Tool	S-1-5-21-2555952594-822551513-3886238188-1001	2	1039
2025-05-02 12:16:29	2025-05-02 12:16:29	Access OK	location	Microsoft.StartExperiencesApp_8wekyb3d8bbwe	Start Experiences App	S-1-5-21-2555952594-822551513-3886238188-1001	2	1040
2025-05-02 12:23:19	2025-05-02 12:23:19	Access OK	graphicsCaptureWithoutBorder	Microsoft.ScreenSketch_8wekyb3d8bbwe	Snipping Tool	S-1-5-21-2555952594-822551513-3886238188-1001	2	1041
2025-05-02 12:33:08	2025-05-02 12:33:08	Access OK	location	Microsoft.StartExperiencesApp_8wekyb3d8bbwe	Start Experiences App	S-1-5-21-2555952594-822551513-3886238188-1001	2	1042
2025-05-02 12:35:12	2025-05-02 12:35:12	Access OK	graphicsCaptureWithoutBorder	Microsoft.ScreenSketch_8wekyb3d8bbwe	Snipping Tool	S-1-5-21-2555952594-822551513-3886238188-1001	2	1043
2025-05-02 12:38:24	2025-05-02 12:38:24	Access OK	graphicsCaptureWithoutBorder	Microsoft.ScreenSketch_8wekyb3d8bbwe	Snipping Tool	S-1-5-21-2555952594-822551513-3886238188-1001	2	1044
2025-05-02 12:39:48	2025-05-02 12:39:48	Access OK	graphicsCaptureWithoutBorder	Microsoft.ScreenSketch_8wekyb3d8bbwe	Snipping Tool	S-1-5-21-2555952594-822551513-3886238188-1001	2	1045
2025-05-02 12:42:55	2025-05-02 12:42:55	Access OK	graphicsCaptureWithoutBorder	Microsoft.ScreenSketch_8wekyb3d8bbwe	Snipping Tool	S-1-5-21-2555952594-822551513-3886238188-1001	2	1046
2025-05-02 12:46:08	2025-05-02 12:46:08	Access OK	graphicsCaptureWithoutBorder	Microsoft.ScreenSketch_8wekyb3d8bbwe	Snipping Tool	S-1-5-21-2555952594-822551513-3886238188-1001	2	1047
2025-05-02 12:47:17	2025-05-02 12:47:17	Access OK	graphicsCaptureWithoutBorder	Microsoft.ScreenSketch_8wekyb3d8bbwe	Snipping Tool	S-1-5-21-2555952594-822551513-3886238188-1001	2	1048
2025-05-02 13:00:05	2025-05-02 13:00:05	Access OK	location	Microsoft.StartExperiencesApp_8wekyb3d8bbwe	Start Experiences App	S-1-5-21-2555952594-822551513-3886238188-1001	2	1049
2025-05-02 13:00:31	2025-05-02 13:00:31	Access OK	graphicsCaptureWithoutBorder	Microsoft.ScreenSketch_8wekyb3d8bbwe	Snipping Tool	S-1-5-21-2555952594-822551513-3886238188-1001	2	1050
2025-05-02 13:02:31	2025-05-02 13:02:31	Access OK	graphicsCaptureWithoutBorder	Microsoft.ScreenSketch_8wekyb3d8bbwe	Snipping Tool	S-1-5-21-2555952594-822551513-3886238188-1001	2	1051
2025-05-02 13:02:57	2025-05-02 13:02:57	Access OK	graphicsCaptureWithoutBorder	Microsoft.ScreenSketch_8wekyb3d8bbwe	Snipping Tool	S-1-5-21-2555952594-822551513-3886238188-1001	2	1052
2025-05-02 13:04:29	2025-05-02 13:04:29	Access OK	graphicsCaptureWithoutBorder	Microsoft.ScreenSketch_8wekyb3d8bbwe	Snipping Tool	S-1-5-21-2555952594-822551513-3886238188-1001	2	1053
2025-05-02 13:12:25	2025-05-02 13:12:27	Access OK	webcam	PythonSoftwareFoundation.Python.3.11_qbz5n2kfra8p0	Python 3.11	S-1-5-21-2555952594-822551513-3886238188-1001	2	1054
2025-05-02 13:15:23	2025-05-02 13:15:23	Access OK	location	MSTeams_8wekyb3d8bbwe	Microsoft Teams	S-1-5-21-2555952594-822551513-3886238188-1001	2	1055
2025-05-02 13:15:23	2025-05-02 13:15:23	Access OK	location	MSTeams_8wekyb3d8bbwe	Microsoft Teams	S-1-5-21-2555952594-822551513-3886238188-1001	2	1056
2025-05-02 13:15:23	2025-05-02 13:15:23	Access OK	location	MSTeams_8wekyb3d8bbwe	Microsoft Teams	S-1-5-21-2555952594-822551513-3886238188-1001	2	1057
2025-05-02 13:15:23	2025-05-02 13:15:23	Access OK	location	MSTeams_8wekyb3d8bbwe	Microsoft Teams: Telemetry to improve call quality	S-1-5-21-2555952594-822551513-3886238188-1001	2	1058
2025-05-02 13:15:23	2025-05-02 13:15:23	Access OK	location	MSTeams_8wekyb3d8bbwe	Microsoft Teams: Telemetry to improve call quality	S-1-5-21-2555952594-822551513-3886238188-1001	2	1059
2025-05-02 13:15:23	2025-05-02 13:15:23	Access OK	location	MSTeams_8wekyb3d8bbwe	Microsoft Teams: Telemetry to improve call quality	S-1-5-21-2555952594-822551513-3886238188-1001	2	1060
2025-05-02 13:15:23	2025-05-02 13:15:23	Access OK	location	MSTeams_8wekyb3d8bbwe	Microsoft Teams: Telemetry to improve call quality	S-1-5-21-2555952594-822551513-3886238188-1001	2	1061
2025-05-02 13:15:23	2025-05-02 13:15:23	Access OK	location	MSTeams_8wekyb3d8bbwe	Microsoft Teams: Telemetry to improve call quality	S-1-5-21-2555952594-822551513-3886238188-1001	2	1062
2025-05-02 13:15:24	2025-05-02 13:15:24	Access OK	location	MSTeams_8wekyb3d8bbwe	Microsoft Teams: Telemetry to improve call quality	S-1-5-21-2555952594-822551513-3886238188-1001	2	1063
2025-05-02 15:47:43	2025-05-02 15:47:43	Access OK	location	MSTeams_8wekyb3d8bbwe	Microsoft Teams	S-1-5-21-2555952594-822551513-3886238188-1001	2	1064
2025-05-02 15:49:31	2025-05-02 15:49:31	Access OK	location	MSTeams_8wekyb3d8bbwe	Microsoft Teams	S-1-5-21-2555952594-822551513-3886238188-1001	2	1065
2025-05-02 15:49:31	2025-05-02 15:49:31	Access OK	location	MSTeams_8wekyb3d8bbwe	Microsoft Teams: Telemetry to improve call quality	S-1-5-21-2555952594-822551513-3886238188-1001	2	1066
2025-05-02 15:49:33	2025-05-02 15:49:33	Access OK	location	MSTeams_8wekyb3d8bbwe	Microsoft Teams: Telemetry to improve call quality	S-1-5-21-2555952594-822551513-3886238188-1001	2	1067
2025-05-02 15:49:33	2025-05-02 15:49:33	Access OK	location	MSTeams_8wekyb3d8bbwe	Microsoft Teams: Telemetry to improve call quality	S-1-5-21-2555952594-822551513-3886238188-1001	2	1068
2025-05-02 15:49:33	2025-05-02 15:49:33	Access OK	location	MSTeams_8wekyb3d8bbwe	Microsoft Teams: Telemetry to improve call quality	S-1-5-21-2555952594-822551513-3886238188-1001	2	1069
2025-05-02 15:49:33	2025-05-02 15:49:33	Access OK	location	MSTeams_8wekyb3d8bbwe	Microsoft Teams: Telemetry to improve call quality	S-1-5-21-2555952594-822551513-3886238188-1001	2	1070
2025-05-02 15:49:33	2025-05-02 15:49:33	Access OK	location	MSTeams_8wekyb3d8bbwe	Microsoft Teams: Telemetry to improve call quality	S-1-5-21-2555952594-822551513-3886238188-1001	2	1071
2025-05-02 15:49:35	2025-05-02 15:49:35	Access OK	location	MSTeams_8wekyb3d8bbwe	Microsoft Teams: Telemetry to improve call quality	S-1-5-21-2555952594-822551513-3886238188-1001	2	1072
2025-05-02 15:49:35	2025-05-02 15:49:35	Access OK	location	MSTeams_8wekyb3d8bbwe	Microsoft Teams: Telemetry to improve call quality	S-1-5-21-2555952594-822551513-3886238188-1001	2	1073
2025-05-02 15:49:35	2025-05-02 15:49:35	Access OK	location	MSTeams_8wekyb3d8bbwe	Microsoft Teams: Telemetry to improve call quality	S-1-5-21-2555952594-822551513-3886238188-1001	2	1074
2025-05-02 15:50:31	2025-05-02 15:50:31	Access OK	location	Microsoft.StartExperiencesApp_8wekyb3d8bbwe	Start Experiences App	S-1-5-21-2555952594-822551513-3886238188-1001	2	1075
2025-05-02 16:09:47	2025-05-02 16:09:47	Access OK	location	Microsoft.StartExperiencesApp_8wekyb3d8bbwe	Start Experiences App	S-1-5-21-2555952594-822551513-3886238188-1001	2	1076
2025-05-02 16:18:44	2025-05-02 16:18:44	Access OK	microphone	PythonSoftwareFoundation.Python.3.11_qbz5n2kfra8p0	Python 3.11	S-1-5-21-2555952594-822551513-3886238188-1001	2	1077
2025-05-02 16:18:47	2025-05-02 16:18:49	Access OK	microphone	PythonSoftwareFoundation.Python.3.11_qbz5n2kfra8p0	Python 3.11	S-1-5-21-2555952594-822551513-3886238188-1001	2	1078
